id,rank_F2_B
0,8
1,7
2,8
3,8
4,7
5,7
6,8
7,8
8,8
9,8
10,8
11,9
12,7
13,8
14,9
15,7
16,7
17,8
18,8
19,8
20,9
21,8
22,8
23,7
24,8
25,8
26,8
27,8
28,9
29,9
30,9
31,9
32,8
33,6
34,9
35,8
36,8
37,8
38,9
39,9
40,8
41,8
42,9
43,7
44,8
45,6
46,9
47,7
48,8
49,8
50,9
51,8
52,8
53,8
54,8
55,8
56,7
57,8
58,7
59,8
60,7
61,8
62,7
63,8
64,7
65,6
66,8
67,7
68,8
69,7
70,8
71,7
72,8
73,7
74,9
75,8
76,8
77,8
78,8
79,9
80,8
81,7
82,8
83,8
84,7
85,8
86,8
87,8
88,6
89,7
90,8
91,9
92,7
93,9
94,7
95,8
96,8
97,7
98,7
99,8
100,8
101,8
102,7
103,9
104,8
105,7
106,7
107,8
108,8
109,7
110,8
111,7
112,7
113,7
114,8
115,7
116,8
117,9
118,9
119,7
120,9
121,7
122,6
123,8
124,8
125,8
126,7
127,8
128,8
129,7
130,8
131,7
132,7
133,7
134,7
135,8
136,8
137,9
138,8
139,8
140,9
141,7
142,7
143,8
144,9
145,7
146,7
147,7
148,8
149,8
150,8
151,7
152,8
153,9
154,8
155,8
156,8
157,7
158,7
159,9
160,6
161,9
162,8
163,8
164,7
165,7
166,7
167,9
168,8
169,8
170,8
171,9
172,7
173,8
174,9
175,8
176,9
177,8
178,8
179,8
180,7
181,7
182,7
183,9
184,8
185,8
186,8
187,8
188,8
189,7
190,7
191,8
192,8
193,8
194,8
195,8
196,8
197,8
198,8
199,8
200,7
201,8
202,8
203,7
204,8
205,8
206,8
207,8
208,8
209,9
210,7
211,8
212,7
213,8
214,7
215,8
216,7
217,8
218,8
219,8
220,7
221,7
222,8
223,8
224,9
225,8
226,9
227,8
228,8
229,8
230,8
231,8
232,9
233,8
234,8
235,8
236,6
237,9
238,7
239,9
240,8
241,9
242,8
243,8
244,9
245,8
246,7
247,8
248,8
249,8
250,7
251,7
252,8
253,7
254,8
255,9
256,9
257,8
258,7
259,8
260,8
261,7
262,8
263,7
264,8
265,8
266,6
267,8
268,9
269,8
270,8
271,7
272,8
273,9
274,8
275,8
276,8
277,8
278,8
279,8
280,9
281,7
282,8
283,8
284,8
285,8
286,8
287,9
288,8
289,8
290,7
291,8
292,7
293,8
294,7
295,8
296,7
297,9
298,8
299,8
300,7
301,8
302,7
303,7
304,9
305,9
306,7
307,8
308,8
309,9
310,8
311,7
312,8
313,8
314,8
315,8
316,7
317,7
318,8
319,8
320,8
321,8
322,8
323,9
324,7
325,9
326,8
327,9
328,8
329,8
330,7
331,8
332,5
333,9
334,8
335,8
336,8
337,8
338,8
339,7
340,8
341,9
342,7
343,7
344,7
345,7
346,7
347,8
348,8
349,7
350,9
351,9
352,7
353,7
354,9
355,7
356,9
357,8
358,8
359,7
360,8
361,7
362,8
363,8
364,8
365,7
366,8
367,7
368,7
369,7
370,9
371,8
372,8
373,7
374,8
375,8
376,9
377,9
378,8
379,8
380,8
381,8
382,9
383,7
384,8
385,7
386,8
387,8
388,7
389,7
390,7
391,8
392,8
393,8
394,9
395,8
396,8
397,9
398,7
399,8
400,9
401,8
402,9
403,8
404,8
405,9
406,9
407,7
408,7
409,7
410,8
411,7
412,8
413,7
414,7
415,9
416,7
417,7
418,8
419,7
420,8
421,8
422,9
423,8
424,7
425,9
426,8
427,7
428,8
429,8
430,7
431,7
432,8
433,8
434,7
435,8
436,8
437,7
438,9
439,9
440,9
441,6
442,7
443,7
444,7
445,6
446,8
447,9
448,9
449,8
450,9
451,7
452,8
453,8
454,6
455,8
456,8
457,8
458,8
459,9
460,9
461,8
462,8
463,8
464,9
465,9
466,9
467,9
468,9
469,8
470,8
471,8
472,8
473,7
474,8
475,8
476,6
477,9
478,8
479,8
480,8
481,8
482,6
483,7
484,8
485,8
486,8
487,8
488,8
489,7
490,8
491,7
492,9
493,8
494,9
495,8
496,8
497,7
498,8
499,7
500,8
501,8
502,7
503,8
504,6
505,7
506,8
507,6
508,7
509,8
510,8
511,7
512,8
513,8
514,8
515,8
516,7
517,7
518,8
519,8
520,8
521,8
522,8
523,8
524,8
525,8
526,8
527,8
528,8
529,8
530,8
531,7
532,9
533,8
534,8
535,8
536,8
537,8
538,7
539,7
540,7
541,8
542,8
543,7
544,9
545,8
546,8
547,8
548,7
549,8
550,7
551,8
552,7
553,8
554,8
555,8
556,9
557,7
558,7
559,9
560,8
561,8
562,9
563,7
564,8
565,7
566,8
567,8
568,7
569,8
570,7
571,8
572,8
573,9
574,8
575,7
576,9
577,8
578,8
579,8
580,8
581,7
582,7
583,9
584,8
585,9
586,8
587,8
588,7
589,7
590,7
591,8
592,6
593,7
594,9
595,9
596,8
597,8
598,9
599,7
600,8
601,8
602,8
603,8
604,6
605,8
606,7
607,8
608,8
609,7
610,8
611,8
612,9
613,8
614,7
615,9
616,8
617,7
618,7
619,9
620,7
621,8
622,9
623,7
624,8
625,9
626,8
627,9
628,8
629,7
630,8
631,8
632,8
633,8
634,8
635,7
636,8
637,9
638,8
639,9
640,7
641,8
642,7
643,8
644,8
645,9
646,8
647,8
648,8
649,9
650,9
651,7
652,9
653,9
654,7
655,9
656,8
657,8
658,7
659,7
660,7
661,8
662,9
663,7
664,9
665,8
666,8
667,7
668,7
669,8
670,8
671,7
672,9
673,8
674,7
675,7
676,7
677,9
678,9
679,8
680,8
681,6
682,8
683,8
684,8
685,8
686,9
687,7
688,8
689,8
690,8
691,7
692,8
693,8
694,9
695,8
696,7
697,7
698,8
699,8
700,7
701,7
702,9
703,8
704,7
705,8
706,7
707,8
708,8
709,8
710,8
711,8
712,9
713,8
714,7
715,9
716,9
717,8
718,8
719,9
720,8
721,8
722,9
723,7
724,8
725,8
726,8
727,8
728,7
729,9
730,8
731,7
732,9
733,7
734,8
735,8
736,7
737,6
738,8
739,8
740,7
741,8
742,8
743,8
744,7
745,8
746,9
747,8
748,7
749,9
750,7
751,9
752,9
753,9
754,8
755,8
756,8
757,6
758,9
759,7
760,7
761,7
762,8
763,9
764,9
765,8
766,8
767,7
768,8
769,8
770,8
771,9
772,7
773,9
774,8
775,8
776,8
777,7
778,9
779,7
780,7
781,8
782,7
783,7
784,8
785,8
786,8
787,7
788,8
789,8
790,8
791,8
792,8
793,8
794,8
795,8
796,8
797,9
798,7
799,9
800,8
801,8
802,9
803,8
804,9
805,8
806,8
807,7
808,8
809,8
810,8
811,7
812,8
813,7
814,8
815,8
816,7
817,8
818,8
819,8
820,8
821,6
822,8
823,9
824,8
825,8
826,8
827,7
828,8
829,8
830,6
831,6
832,8
833,8
834,8
835,8
836,8
837,8
838,8
839,8
840,7
841,9
842,9
843,8
844,8
845,8
846,8
847,9
848,8
849,9
850,7
851,8
852,8
853,9
854,8
855,8
856,8
857,8
858,8
859,8
860,9
861,7
862,9
863,7
864,8
865,8
866,9
867,7
868,8
869,8
870,8
871,8
872,7
873,9
874,9
875,8
876,8
877,8
878,8
879,9
880,8
881,6
882,8
883,8
884,8
885,8
886,8
887,9
888,8
889,7
890,8
891,8
892,8
893,7
894,9
895,8
896,9
897,8
898,9
899,8
900,8
901,8
902,9
903,8
904,7
905,8
906,9
907,8
908,8
909,7
910,7
911,8
912,8
913,8
914,8
915,7
916,8
917,8
918,9
919,7
920,9
921,7
922,8
923,9
924,9
925,8
926,9
927,7
928,6
929,7
930,8
931,7
932,7
933,8
934,8
935,7
936,7
937,8
938,8
939,8
940,9
941,7
942,7
943,9
944,8
945,8
946,9
947,8
948,8
949,8
950,8
951,7
952,9
953,8
954,8
955,7
956,8
957,9
958,8
959,9
960,8
961,7
962,9
963,8
964,8
965,8
966,7
967,8
968,7
969,8
970,7
971,8
972,7
973,7
974,7
975,7
976,9
977,8
978,7
979,7
980,8
981,8
982,8
983,9
984,7
985,7
986,9
987,9
988,8
989,8
990,9
991,8
992,8
993,9
994,7
995,8
996,8
997,9
998,8
999,8
1000,8
1001,9
1002,9
1003,8
1004,8
1005,8
1006,9
1007,9
1008,8
1009,8
1010,8
1011,8
1012,8
1013,6
1014,7
1015,8
1016,7
1017,8
1018,7
1019,8
1020,7
1021,8
1022,8
1023,8
1024,8
1025,7
1026,8
1027,8
1028,7
1029,8
1030,9
1031,8
1032,8
1033,8
1034,7
1035,8
1036,7
1037,7
1038,7
1039,8
1040,7
1041,8
1042,7
1043,8
1044,7
1045,7
1046,9
1047,7
1048,8
1049,8
1050,8
1051,9
1052,8
1053,8
1054,9
1055,9
1056,9
1057,8
1058,8
1059,8
1060,8
1061,9
1062,9
1063,7
1064,8
1065,9
1066,7
1067,9
1068,7
1069,8
1070,9
1071,8
1072,9
1073,7
1074,9
1075,9
1076,8
1077,9
1078,8
1079,7
1080,8
1081,9
1082,9
1083,7
1084,8
1085,7
1086,8
1087,8
1088,8
1089,8
1090,9
1091,9
1092,8
1093,8
1094,8
1095,8
1096,7
1097,8
1098,7
1099,8
1100,7
1101,8
1102,8
1103,9
1104,8
1105,9
1106,8
1107,8
1108,7
1109,6
1110,7
1111,8
1112,8
1113,8
1114,9
1115,8
1116,8
1117,7
1118,7
1119,7
1120,8
1121,8
1122,7
1123,8
1124,8
1125,7
1126,8
1127,7
1128,8
1129,9
1130,8
1131,8
1132,8
1133,9
1134,8
1135,8
1136,9
1137,8
1138,7
1139,7
1140,8
1141,8
1142,6
1143,7
1144,7
1145,7
1146,9
1147,8
1148,8
1149,9
1150,8
1151,8
1152,8
1153,9
1154,9
1155,8
1156,8
1157,8
1158,8
1159,8
1160,8
1161,8
1162,8
1163,9
1164,7
1165,7
1166,8
1167,7
1168,8
1169,6
1170,8
1171,7
1172,9
1173,8
1174,9
1175,8
1176,9
1177,6
1178,9
1179,8
1180,8
1181,8
1182,9
1183,8
1184,7
1185,8
1186,9
1187,9
1188,8
1189,8
1190,9
1191,7
1192,9
1193,7
1194,8
1195,8
1196,7
1197,7
1198,8
1199,8
1200,8
1201,9
1202,8
1203,9
1204,8
1205,7
1206,9
1207,8
1208,8
1209,6
1210,9
1211,9
1212,8
1213,7
1214,8
1215,8
1216,7
1217,6
1218,9
1219,6
1220,9
1221,8
1222,8
1223,7
1224,7
1225,8
1226,8
1227,8
1228,8
1229,9
1230,9
1231,7
1232,7
1233,9
1234,8
1235,9
1236,7
1237,8
1238,7
1239,8
1240,8
1241,9
1242,8
1243,7
1244,8
1245,8
1246,9
1247,9
1248,8
1249,9
1250,8
1251,8
1252,9
1253,8
1254,8
1255,6
1256,7
1257,8
1258,8
1259,8
1260,9
1261,8
1262,8
1263,8
1264,8
1265,7
1266,9
1267,7
1268,8
1269,8
1270,9
1271,8
1272,7
1273,7
1274,9
1275,8
1276,7
1277,9
1278,9
1279,6
1280,8
1281,8
1282,8
1283,7
1284,9
1285,8
1286,7
1287,9
1288,7
1289,8
1290,8
1291,9
1292,9
1293,8
1294,8
1295,8
1296,8
1297,9
1298,7
1299,8
1300,7
1301,8
1302,8
1303,7
1304,9
1305,7
1306,8
1307,7
1308,8
1309,8
1310,8
1311,8
1312,7
1313,8
1314,8
1315,9
1316,8
1317,9
1318,7
1319,7
1320,7
1321,8
1322,8
1323,8
1324,8
1325,8
1326,7
1327,9
1328,8
1329,9
1330,9
1331,8
1332,8
1333,6
1334,7
1335,8
1336,8
1337,8
1338,7
1339,8
1340,9
1341,9
1342,8
1343,8
1344,7
1345,8
1346,8
1347,8
1348,8
1349,8
1350,7
1351,7
1352,7
1353,9
1354,8
1355,7
1356,7
1357,8
1358,7
1359,7
1360,9
1361,8
1362,8
1363,8
1364,7
1365,8
1366,8
1367,8
1368,9
1369,7
1370,7
1371,7
1372,8
1373,8
1374,7
1375,9
1376,7
1377,8
1378,7
1379,8
1380,8
1381,7
1382,9
1383,9
1384,9
1385,8
1386,7
1387,9
1388,8
1389,8
1390,9
1391,8
1392,9
1393,8
1394,7
1395,9
1396,8
1397,8
1398,8
1399,8
1400,8
1401,7
1402,9
1403,9
1404,9
1405,8
1406,8
1407,8
1408,8
1409,8
1410,9
1411,6
1412,8
1413,8
1414,8
1415,8
1416,8
1417,7
1418,7
1419,8
1420,7
1421,8
1422,9
1423,8
1424,8
1425,9
1426,9
1427,8
1428,8
1429,8
1430,7
1431,7
1432,9
1433,9
1434,8
1435,7
1436,8
1437,8
1438,7
1439,6
1440,8
1441,7
1442,9
1443,8
1444,7
1445,8
1446,8
1447,8
1448,8
1449,8
1450,8
1451,8
1452,8
1453,8
1454,8
1455,8
1456,8
1457,9
1458,8
1459,7
1460,8
1461,8
1462,8
1463,8
1464,8
1465,8
1466,8
1467,8
1468,8
1469,8
1470,9
1471,7
1472,8
1473,7
1474,7
1475,7
1476,8
1477,7
1478,8
1479,8
1480,8
1481,8
1482,8
1483,9
1484,8
1485,8
1486,9
1487,8
1488,7
1489,9
1490,9
1491,9
1492,8
1493,8
1494,8
1495,8
1496,7
1497,7
1498,7
1499,8
1500,8
1501,8
1502,7
1503,9
1504,8
1505,8
1506,7
1507,8
1508,7
1509,9
1510,8
1511,8
1512,8
1513,8
1514,8
1515,9
1516,7
1517,5
1518,8
1519,8
1520,8
1521,9
1522,7
1523,7
1524,8
1525,7
1526,7
1527,9
1528,8
1529,9
1530,7
1531,9
1532,7
1533,8
1534,8
1535,8
1536,7
1537,8
1538,8
1539,7
1540,8
1541,8
1542,9
1543,8
1544,9
1545,8
1546,8
1547,9
1548,8
1549,8
1550,6
1551,9
1552,7
1553,8
1554,7
1555,9
1556,8
1557,8
1558,8
1559,8
1560,8
1561,7
1562,8
1563,7
1564,9
1565,9
1566,8
1567,8
1568,7
1569,8
1570,8
1571,8
1572,8
1573,8
1574,8
1575,7
1576,8
1577,7
1578,7
1579,8
1580,7
1581,8
1582,8
1583,8
1584,7
1585,8
1586,9
1587,9
1588,8
1589,8
1590,9
1591,7
1592,8
1593,8
1594,8
1595,8
1596,9
1597,7
1598,7
1599,7
1600,8
1601,8
1602,8
1603,7
1604,7
1605,9
1606,8
1607,9
1608,9
1609,7
1610,7
1611,6
1612,8
1613,9
1614,7
1615,7
1616,8
1617,9
1618,8
1619,9
1620,8
1621,8
1622,9
1623,9
1624,7
1625,8
1626,7
1627,9
1628,7
1629,8
1630,8
1631,8
1632,7
1633,9
1634,9
1635,7
1636,8
1637,8
1638,8
1639,8
1640,6
1641,9
1642,8
1643,8
1644,8
1645,8
1646,8
1647,8
1648,7
1649,8
1650,7
1651,9
1652,8
1653,8
1654,8
1655,7
1656,9
1657,9
1658,8
1659,8
1660,8
1661,8
1662,8
1663,9
1664,9
1665,8
1666,7
1667,7
1668,7
1669,8
1670,9
1671,8
1672,9
1673,7
1674,6
1675,8
1676,7
1677,8
1678,8
1679,9
1680,7
1681,7
1682,8
1683,8
1684,7
1685,7
1686,8
1687,8
1688,8
1689,7
1690,9
1691,8
1692,7
1693,9
1694,7
1695,7
1696,9
1697,9
1698,8
1699,8
1700,8
1701,8
1702,8
1703,9
1704,8
1705,8
1706,7
1707,8
1708,8
1709,8
1710,8
1711,9
1712,7
1713,8
1714,8
1715,7
1716,9
1717,8
1718,6
1719,6
1720,8
1721,8
1722,8
1723,9
1724,7
1725,8
1726,7
1727,9
1728,8
1729,7
1730,8
1731,9
1732,7
1733,8
1734,9
1735,6
1736,7
1737,8
1738,7
1739,8
1740,8
1741,8
1742,7
1743,6
1744,8
1745,8
1746,8
1747,8
1748,8
1749,7
1750,9
1751,7
1752,8
1753,8
1754,7
1755,9
1756,8
1757,8
1758,8
1759,8
1760,9
1761,9
1762,8
1763,8
1764,8
1765,7
1766,8
1767,7
1768,8
1769,8
1770,7
1771,9
1772,8
1773,7
1774,7
1775,8
1776,9
1777,8
1778,8
1779,7
1780,9
1781,8
1782,9
1783,8
1784,7
1785,7
1786,7
1787,9
1788,8
1789,8
1790,8
1791,8
1792,8
1793,7
1794,7
1795,8
1796,7
1797,8
1798,8
1799,8
1800,8
1801,8
1802,6
1803,7
1804,8
1805,8
1806,8
1807,9
1808,8
1809,9
1810,7
1811,8
1812,7
1813,8
1814,8
1815,9
1816,8
1817,8
1818,7
1819,9
1820,7
1821,8
1822,8
1823,6
1824,9
1825,9
1826,8
1827,8
1828,8
1829,9
1830,7
1831,9
1832,8
1833,9
1834,8
1835,9
1836,8
1837,8
1838,7
1839,8
1840,8
1841,7
1842,8
1843,7
1844,8
1845,8
1846,7
1847,8
1848,8
1849,8
1850,7
1851,8
1852,8
1853,7
1854,7
1855,7
1856,7
1857,8
1858,7
1859,7
1860,8
1861,8
1862,9
1863,7
1864,8
1865,8
1866,8
1867,6
1868,7
1869,6
1870,7
1871,7
1872,8
1873,8
1874,9
1875,7
1876,8
1877,6
1878,9
1879,8
1880,8
1881,8
1882,8
1883,7
1884,8
1885,9
1886,9
1887,8
1888,8
1889,7
1890,8
1891,8
1892,8
1893,8
1894,9
1895,9
1896,8
1897,7
1898,8
1899,7
1900,8
1901,8
1902,7
1903,8
1904,8
1905,8
1906,8
1907,8
1908,7
1909,8
1910,8
1911,8
1912,7
1913,6
1914,8
1915,7
1916,8
1917,8
1918,7
1919,8
1920,7
1921,8
1922,8
1923,8
1924,8
1925,8
1926,8
1927,8
1928,8
1929,8
1930,8
1931,8
1932,9
1933,7
1934,8
1935,8
1936,7
1937,8
1938,8
1939,8
1940,9
1941,9
1942,8
1943,9
1944,9
1945,8
1946,8
1947,7
1948,8
1949,7
1950,7
1951,8
1952,8
1953,9
1954,8
1955,8
1956,8
1957,8
1958,9
1959,8
1960,7
1961,7
1962,8
1963,7
1964,9
1965,8
1966,8
1967,7
1968,9
1969,8
1970,7
1971,8
1972,8
1973,8
1974,7
1975,8
1976,8
1977,9
1978,8
1979,8
1980,8
1981,8
1982,7
1983,7
1984,8
1985,7
1986,8
1987,7
1988,7
1989,8
1990,8
1991,7
1992,7
1993,8
1994,7
1995,6
1996,7
1997,9
1998,6
1999,7
2000,9
2001,8
2002,8
2003,8
2004,9
2005,8
2006,7
2007,7
2008,7
2009,8
2010,8
2011,7
2012,8
2013,9
2014,8
2015,8
2016,9
2017,8
2018,9
2019,8
2020,8
2021,8
2022,6
2023,8
2024,8
2025,9
2026,7
2027,7
2028,8
2029,7
2030,8
2031,8
2032,8
2033,8
2034,9
2035,8
2036,8
2037,8
2038,6
2039,8
2040,8
2041,7
2042,9
2043,6
2044,7
2045,8
2046,9
2047,7
2048,9
2049,9
2050,9
2051,7
2052,8
2053,9
2054,8
2055,7
2056,9
2057,8
2058,8
2059,9
2060,8
2061,9
2062,9
2063,9
2064,8
2065,9
2066,8
2067,7
2068,9
2069,7
2070,9
2071,8
2072,7
2073,9
2074,8
2075,8
2076,8
2077,9
2078,7
2079,8
2080,8
2081,9
2082,8
2083,7
2084,7
2085,8
2086,8
2087,8
2088,7
2089,7
2090,9
2091,8
2092,7
2093,9
2094,8
2095,9
2096,8
2097,8
2098,9
2099,8
2100,8
2101,9
2102,8
2103,8
2104,8
2105,8
2106,9
2107,8
2108,8
2109,7
2110,8
2111,7
2112,8
2113,8
2114,8
2115,9
2116,9
2117,8
2118,9
2119,7
2120,9
2121,7
2122,8
2123,8
2124,8
2125,7
2126,9
2127,8
2128,9
2129,7
2130,9
2131,9
2132,8
2133,7
2134,8
2135,8
2136,8
2137,7
2138,8
2139,7
2140,8
2141,8
2142,8
2143,9
2144,8
2145,8
2146,9
2147,8
2148,7
2149,7
2150,9
2151,9
2152,7
2153,9
2154,8
2155,9
2156,8
2157,8
2158,8
2159,7
2160,8
2161,8
2162,8
2163,8
2164,8
2165,8
2166,8
2167,7
2168,8
2169,7
2170,9
2171,9
2172,8
2173,8
2174,7
2175,8
2176,9
2177,8
2178,8
2179,7
2180,8
2181,9
2182,9
2183,8
2184,8
2185,7
2186,8
2187,9
2188,7
2189,7
2190,8
2191,8
2192,8
2193,9
2194,7
2195,8
2196,6
2197,9
2198,8
2199,8
2200,7
2201,8
2202,8
2203,8
2204,8
2205,8
2206,8
2207,8
2208,7
2209,8
2210,8
2211,8
2212,8
2213,8
2214,7
2215,7
2216,7
2217,8
2218,8
2219,8
2220,8
2221,7
2222,9
2223,9
2224,9
2225,7
2226,8
2227,8
2228,7
2229,8
2230,9
2231,8
2232,9
2233,6
2234,7
2235,7
2236,9
2237,8
2238,8
2239,8
2240,8
2241,8
2242,7
2243,7
2244,8
2245,6
2246,8
2247,8
2248,7
2249,8
2250,7
2251,7
2252,6
2253,7
2254,8
2255,8
2256,9
2257,7
2258,8
2259,8
2260,7
2261,7
2262,8
2263,8
2264,7
2265,8
2266,7
2267,7
2268,7
2269,7
2270,7
2271,8
2272,8
2273,9
2274,7
2275,8
2276,7
2277,6
2278,9
2279,8
2280,9
2281,8
2282,8
2283,8
2284,6
2285,8
2286,9
2287,8
2288,8
2289,7
2290,8
2291,7
2292,8
2293,9
2294,8
2295,8
2296,8
2297,8
2298,8
2299,8
2300,8
2301,8
2302,8
2303,7
2304,9
2305,8
2306,8
2307,6
2308,7
2309,8
2310,8
2311,7
2312,8
2313,7
2314,9
2315,9
2316,7
2317,8
2318,7
2319,9
2320,8
2321,9
2322,7
2323,8
2324,8
2325,9
2326,8
2327,8
2328,9
2329,7
2330,7
2331,8
2332,8
2333,8
2334,8
2335,7
2336,8
2337,9
2338,8
2339,9
2340,8
2341,8
2342,8
2343,7
2344,8
2345,9
2346,8
2347,7
2348,7
2349,8
2350,9
2351,9
2352,7
2353,6
2354,9
2355,7
2356,8
2357,9
2358,7
2359,9
2360,9
2361,8
2362,8
2363,8
2364,8
2365,8
2366,8
2367,8
2368,8
2369,8
2370,7
2371,8
2372,8
2373,8
2374,8
2375,8
2376,7
2377,8
2378,9
2379,8
2380,7
2381,9
2382,8
2383,8
2384,7
2385,8
2386,8
2387,8
2388,8
2389,7
2390,7
2391,8
2392,8
2393,7
2394,9
2395,8
2396,8
2397,8
2398,8
2399,7
2400,7
2401,7
2402,8
2403,9
2404,7
2405,9
2406,7
2407,9
2408,7
2409,8
2410,7
2411,8
2412,8
2413,8
2414,7
2415,5
2416,8
2417,8
2418,8
2419,8
2420,9
2421,8
2422,8
2423,9
2424,8
2425,8
2426,7
2427,8
2428,8
2429,8
2430,7
2431,8
2432,8
2433,7
2434,8
2435,8
2436,6
2437,8
2438,8
2439,7
2440,7
2441,7
2442,8
2443,6
2444,8
2445,8
2446,8
2447,8
2448,9
2449,8
2450,8
2451,9
2452,8
2453,8
2454,8
2455,8
2456,7
2457,7
2458,7
2459,8
2460,7
2461,8
2462,9
2463,8
2464,9
2465,8
2466,7
2467,8
2468,8
2469,8
2470,6
2471,7
2472,8
2473,8
2474,8
2475,8
2476,8
2477,8
2478,8
2479,8
2480,8
2481,6
2482,8
2483,7
2484,7
2485,8
2486,8
2487,8
2488,8
2489,8
2490,8
2491,9
2492,8
2493,8
2494,9
2495,8
2496,7
2497,8
2498,7
2499,8
2500,7
2501,8
2502,8
2503,7
2504,8
2505,8
2506,8
2507,8
2508,8
2509,7
2510,7
2511,9
2512,8
2513,7
2514,8
2515,8
2516,7
2517,8
2518,8
2519,8
2520,8
2521,7
2522,9
2523,8
2524,8
2525,7
2526,9
2527,8
2528,7
2529,8
2530,6
2531,7
2532,9
2533,7
2534,8
2535,8
2536,9
2537,8
2538,8
2539,9
2540,7
2541,8
2542,8
2543,7
2544,6
2545,8
2546,8
2547,8
2548,7
2549,8
2550,7
2551,9
2552,7
2553,8
2554,8
2555,7
2556,8
2557,8
2558,8
2559,8
2560,7
2561,8
2562,8
2563,7
2564,8
2565,8
2566,9
2567,9
2568,8
2569,7
2570,7
2571,9
2572,8
2573,6
2574,8
2575,9
2576,7
2577,8
2578,8
2579,7
2580,9
2581,9
2582,8
2583,8
2584,9
2585,8
2586,8
2587,7
2588,8
2589,8
2590,9
2591,8
2592,9
2593,7
2594,8
2595,9
2596,7
2597,8
2598,7
2599,9
2600,8
2601,8
2602,8
2603,9
2604,8
2605,7
2606,9
2607,7
2608,8
2609,9
2610,9
2611,8
2612,6
2613,9
2614,9
2615,8
2616,9
2617,9
2618,9
2619,8
2620,6
2621,8
2622,8
2623,8
2624,6
2625,8
2626,8
2627,7
2628,8
2629,8
2630,9
2631,7
2632,8
2633,8
2634,8
2635,8
2636,8
2637,8
2638,9
2639,8
2640,8
2641,8
2642,8
2643,7
2644,8
2645,8
2646,8
2647,8
2648,8
2649,8
2650,8
2651,7
2652,7
2653,7
2654,6
2655,8
2656,8
2657,8
2658,7
2659,9
2660,7
2661,8
2662,8
2663,8
2664,8
2665,7
2666,8
2667,8
2668,8
2669,7
2670,7
2671,8
2672,9
2673,8
2674,9
2675,9
2676,8
2677,7
2678,8
2679,8
2680,7
2681,7
2682,8
2683,9
2684,8
2685,8
2686,8
2687,9
2688,8
2689,8
2690,9
2691,8
2692,7
2693,9
2694,8
2695,9
2696,7
2697,7
2698,9
2699,8
2700,7
2701,8
2702,8
2703,8
2704,9
2705,7
2706,7
2707,9
2708,9
2709,8
2710,7
2711,8
2712,9
2713,8
2714,8
2715,6
2716,9
2717,7
2718,7
2719,8
2720,7
2721,7
2722,7
2723,8
2724,8
2725,7
2726,7
2727,7
2728,7
2729,8
2730,8
2731,9
2732,8
2733,6
2734,8
2735,9
2736,8
2737,7
2738,8
2739,8
2740,7
2741,8
2742,8
2743,8
2744,8
2745,8
2746,9
2747,8
2748,9
2749,7
2750,8
2751,7
2752,9
2753,9
2754,9
2755,7
2756,8
2757,7
2758,7
2759,6
2760,8
2761,8
2762,7
2763,8
2764,8
2765,8
2766,9
2767,9
2768,9
2769,8
2770,8
2771,9
2772,8
2773,7
2774,8
2775,8
2776,8
2777,8
2778,8
2779,7
2780,8
2781,7
2782,8
2783,9
2784,6
2785,8
2786,9
2787,8
2788,8
2789,8
2790,7
2791,8
2792,7
2793,7
2794,9
2795,7
2796,8
2797,8
2798,8
2799,7
2800,7
2801,9
2802,8
2803,7
2804,8
2805,8
2806,8
2807,7
2808,7
2809,6
2810,7
2811,8
2812,8
2813,8
2814,7
2815,8
2816,9
2817,9
2818,9
2819,7
2820,8
2821,9
2822,7
2823,7
2824,8
2825,8
2826,9
2827,8
2828,6
2829,9
2830,8
2831,8
2832,9
2833,8
2834,6
2835,8
2836,8
2837,9
2838,8
2839,8
2840,7
2841,8
2842,8
2843,8
2844,8
2845,9
2846,9
2847,8
2848,8
2849,8
2850,8
2851,8
2852,8
2853,9
2854,8
2855,8
2856,7
2857,8
2858,9
2859,7
2860,8
2861,8
2862,8
2863,8
2864,7
2865,8
2866,8
2867,7
2868,7
2869,8
2870,7
2871,8
2872,8
2873,7
2874,9
2875,9
2876,8
2877,7
2878,9
2879,8
2880,8
2881,8
2882,8
2883,8
2884,8
2885,8
2886,7
2887,6
2888,7
2889,7
2890,8
2891,8
2892,7
2893,6
2894,9
2895,9
2896,9
2897,8
2898,8
2899,8
2900,7
2901,8
2902,8
2903,8
2904,9
2905,6
2906,7
2907,6
2908,8
2909,8
2910,8
2911,8
2912,8
2913,7
2914,8
2915,9
2916,8
2917,9
2918,8
2919,8
2920,9
2921,8
2922,8
2923,8
2924,6
2925,8
2926,8
2927,8
2928,8
2929,8
2930,8
2931,8
2932,6
2933,8
2934,8
2935,9
2936,7
2937,8
2938,7
2939,7
2940,7
2941,9
2942,8
2943,8
2944,9
2945,8
2946,9
2947,8
2948,9
2949,7
2950,9
2951,8
2952,8
2953,7
2954,9
2955,8
2956,7
2957,9
2958,8
2959,9
2960,7
2961,7
2962,7
2963,7
2964,7
2965,9
2966,7
2967,9
2968,7
2969,8
2970,8
2971,8
2972,7
2973,7
2974,8
2975,9
2976,8
2977,9
2978,8
2979,9
2980,9
2981,8
2982,6
2983,7
2984,8
2985,8
2986,7
2987,8
2988,8
2989,8
2990,9
2991,8
2992,9
2993,8
2994,7
2995,8
2996,9
2997,7
2998,8
2999,8
3000,9
3001,6
3002,8
3003,6
3004,8
3005,9
3006,9
3007,9
3008,8
3009,8
3010,9
3011,8
3012,7
3013,7
3014,8
3015,9
3016,8
3017,8
3018,7
3019,8
3020,7
3021,8
3022,9
3023,9
3024,7
3025,8
3026,8
3027,6
3028,8
3029,8
3030,9
3031,9
3032,8
3033,7
3034,7
3035,8
3036,9
3037,8
3038,7
3039,8
3040,8
3041,7
3042,8
3043,8
3044,8
3045,8
3046,8
3047,7
3048,8
3049,7
3050,7
3051,8
3052,8
3053,8
3054,8
3055,8
3056,7
3057,8
3058,7
3059,8
3060,8
3061,7
3062,8
3063,7
3064,9
3065,8
3066,8
3067,8
3068,7
3069,8
3070,6
3071,7
3072,8
3073,7
3074,8
3075,7
3076,9
3077,7
3078,8
3079,7
3080,8
3081,7
3082,8
3083,8
3084,9
3085,8
3086,9
3087,8
3088,8
3089,7
3090,7
3091,6
3092,7
3093,8
3094,8
3095,8
3096,8
3097,8
3098,7
3099,8
3100,9
3101,8
3102,8
3103,7
3104,7
3105,8
3106,7
3107,8
3108,8
3109,8
3110,8
3111,7
3112,8
3113,8
3114,8
3115,8
3116,7
3117,8
3118,9
3119,8
3120,8
3121,8
3122,8
3123,7
3124,8
3125,8
3126,8
3127,7
3128,8
3129,8
3130,8
3131,7
3132,7
3133,8
3134,7
3135,8
3136,7
3137,8
3138,8
3139,8
3140,8
3141,7
3142,8
3143,7
3144,9
3145,8
3146,8
3147,9
3148,7
3149,8
3150,8
3151,9
3152,8
3153,8
3154,7
3155,9
3156,7
3157,8
3158,8
3159,7
3160,7
3161,7
3162,7
3163,8
3164,8
3165,8
3166,7
3167,8
3168,9
3169,9
3170,8
3171,8
3172,8
3173,9
3174,8
3175,7
3176,7
3177,8
3178,8
3179,7
3180,8
3181,7
3182,7
3183,8
3184,9
3185,7
3186,7
3187,8
3188,7
3189,8
3190,8
3191,7
3192,8
3193,7
3194,8
3195,8
3196,8
3197,9
3198,7
3199,9
3200,7
3201,9
3202,8
3203,8
3204,8
3205,8
3206,8
3207,8
3208,9
3209,7
3210,9
3211,7
3212,8
3213,7
3214,8
3215,7
3216,8
3217,8
3218,7
3219,7
3220,7
3221,8
3222,8
3223,8
3224,7
3225,8
3226,9
3227,9
3228,8
3229,8
3230,7
3231,8
3232,7
3233,7
3234,9
3235,8
3236,9
3237,8
3238,9
3239,7
3240,9
3241,8
3242,7
3243,8
3244,8
3245,7
3246,7
3247,9
3248,7
3249,8
3250,7
3251,8
3252,9
3253,7
3254,6
3255,8
3256,9
3257,7
3258,8
3259,9
3260,7
3261,8
3262,8
3263,8
3264,8
3265,8
3266,6
3267,8
3268,8
3269,9
3270,9
3271,8
3272,7
3273,8
3274,8
3275,7
3276,9
3277,7
3278,8
3279,8
3280,8
3281,7
3282,6
3283,8
3284,7
3285,8
3286,8
3287,8
3288,8
3289,7
3290,8
3291,6
3292,7
3293,9
3294,8
3295,8
3296,8
3297,7
3298,7
3299,8
3300,9
3301,7
3302,9
3303,8
3304,8
3305,7
3306,9
3307,9
3308,7
3309,7
3310,8
3311,9
3312,8
3313,9
3314,7
3315,8
3316,8
3317,7
3318,9
3319,8
3320,8
3321,7
3322,7
3323,7
3324,9
3325,7
3326,8
3327,7
3328,9
3329,8
3330,8
3331,9
3332,8
3333,9
3334,8
3335,7
3336,9
3337,7
3338,7
3339,9
3340,9
3341,9
3342,8
3343,7
3344,8
3345,8
3346,7
3347,8
3348,8
3349,8
3350,7
3351,8
3352,7
3353,8
3354,7
3355,9
3356,7
3357,8
3358,8
3359,7
3360,8
3361,9
3362,7
3363,8
3364,8
3365,8
3366,7
3367,8
3368,8
3369,7
3370,8
3371,8
3372,8
3373,8
3374,7
3375,8
3376,8
3377,9
3378,8
3379,9
3380,8
3381,9
3382,8
3383,6
3384,7
3385,8
3386,8
3387,7
3388,7
3389,7
3390,7
3391,8
3392,8
3393,8
3394,9
3395,8
3396,9
3397,8
3398,9
3399,8
3400,8
3401,7
3402,8
3403,8
3404,8
3405,8
3406,8
3407,7
3408,8
3409,8
3410,9
3411,8
3412,7
3413,8
3414,9
3415,8
3416,7
3417,9
3418,8
3419,9
3420,9
3421,8
3422,9
3423,6
3424,8
3425,9
3426,8
3427,8
3428,7
3429,8
3430,7
3431,8
3432,8
3433,7
3434,9
3435,7
3436,9
3437,8
3438,9
3439,8
3440,8
3441,7
3442,7
3443,8
3444,8
3445,8
3446,7
3447,6
3448,9
3449,8
3450,9
3451,7
3452,8
3453,8
3454,8
3455,8
3456,8
3457,8
3458,7
3459,8
3460,9
3461,8
3462,8
3463,8
3464,7
3465,9
3466,8
3467,8
3468,9
3469,7
3470,8
3471,6
3472,7
3473,8
3474,7
3475,9
3476,8
3477,7
3478,8
3479,7
3480,7
3481,8
3482,8
3483,8
3484,6
3485,7
3486,8
3487,9
3488,8
3489,8
3490,7
3491,8
3492,8
3493,9
3494,8
3495,8
3496,8
3497,8
3498,7
3499,7
3500,8
3501,7
3502,8
3503,7
3504,9
3505,8
3506,8
3507,8
3508,7
3509,7
3510,9
3511,7
3512,8
3513,8
3514,8
3515,7
3516,8
3517,8
3518,7
3519,7
3520,9
3521,9
3522,6
3523,9
3524,8
3525,8
3526,8
3527,8
3528,8
3529,9
3530,8
3531,7
3532,9
3533,8
3534,7
3535,7
3536,8
3537,9
3538,8
3539,8
3540,8
3541,8
3542,9
3543,7
3544,8
3545,8
3546,7
3547,8
3548,8
3549,9
3550,9
3551,8
3552,8
3553,8
3554,8
3555,8
3556,7
3557,9
3558,8
3559,8
3560,8
3561,9
3562,8
3563,7
3564,8
3565,6
3566,8
3567,7
3568,8
3569,8
3570,9
3571,7
3572,8
3573,6
3574,7
3575,8
3576,8
3577,9
3578,9
3579,9
3580,9
3581,9
3582,8
3583,9
3584,8
3585,9
3586,7
3587,8
3588,7
3589,8
3590,7
3591,8
3592,9
3593,8
3594,8
3595,8
3596,7
3597,8
3598,9
3599,7
3600,7
3601,9
3602,9
3603,8
3604,8
3605,8
3606,7
3607,9
3608,8
3609,8
3610,7
3611,7
3612,8
3613,8
3614,9
3615,8
3616,9
3617,7
3618,8
3619,7
3620,7
3621,8
3622,7
3623,8
3624,7
3625,6
3626,7
3627,7
3628,9
3629,8
3630,9
3631,7
3632,9
3633,9
3634,7
3635,7
3636,9
3637,9
3638,6
3639,8
3640,9
3641,8
3642,9
3643,8
3644,9
3645,8
3646,8
3647,8
3648,7
3649,8
3650,9
3651,7
3652,8
3653,7
3654,9
3655,7
3656,7
3657,8
3658,8
3659,8
3660,8
3661,9
3662,8
3663,8
3664,9
3665,8
3666,8
3667,7
3668,9
3669,9
3670,8
3671,8
3672,7
3673,7
3674,8
3675,8
3676,8
3677,9
3678,8
3679,6
3680,8
3681,8
3682,7
3683,7
3684,7
3685,7
3686,8
3687,9
3688,7
3689,8
3690,8
3691,7
3692,8
3693,8
3694,7
3695,8
3696,8
3697,8
3698,7
3699,8
3700,8
3701,8
3702,8
3703,8
3704,9
3705,8
3706,8
3707,8
3708,8
3709,8
3710,7
3711,8
3712,8
3713,7
3714,8
3715,6
3716,9
3717,8
3718,8
3719,7
3720,8
3721,8
3722,7
3723,7
3724,9
3725,7
3726,9
3727,8
3728,8
3729,8
3730,8
3731,8
3732,8
3733,7
3734,9
3735,8
3736,6
3737,8
3738,9
3739,7
3740,6
3741,8
3742,7
3743,8
3744,7
3745,8
3746,7
3747,9
3748,8
3749,6
3750,8
3751,8
3752,8
3753,6
3754,7
3755,7
3756,8
3757,8
3758,7
3759,8
3760,7
3761,7
3762,8
3763,9
3764,7
3765,9
3766,8
3767,7
3768,8
3769,8
3770,8
3771,9
3772,7
3773,9
3774,8
3775,8
3776,8
3777,8
3778,8
3779,7
3780,7
3781,8
3782,7
3783,8
3784,7
3785,8
3786,8
3787,8
3788,8
3789,7
3790,9
3791,8
3792,8
3793,8
3794,8
3795,8
3796,9
3797,7
3798,9
3799,7
3800,8
3801,8
3802,8
3803,7
3804,7
3805,9
3806,8
3807,8
3808,8
3809,7
3810,7
3811,8
3812,8
3813,8
3814,7
3815,7
3816,7
3817,9
3818,8
3819,7
3820,8
3821,8
3822,8
3823,7
3824,7
3825,8
3826,7
3827,7
3828,7
3829,8
3830,8
3831,8
3832,7
3833,7
3834,8
3835,8
3836,8
3837,7
3838,8
3839,7
3840,8
3841,8
3842,8
3843,7
3844,7
3845,9
3846,9
3847,7
3848,7
3849,8
3850,8
3851,8
3852,9
3853,8
3854,9
3855,7
3856,7
3857,8
3858,8
3859,8
3860,8
3861,8
3862,8
3863,6
3864,8
3865,9
3866,7
3867,8
3868,8
3869,7
3870,9
3871,7
3872,8
3873,7
3874,8
3875,8
3876,6
3877,9
3878,8
3879,8
3880,8
3881,9
3882,9
3883,8
3884,8
3885,7
3886,8
3887,9
3888,8
3889,8
3890,7
3891,8
3892,9
3893,7
3894,9
3895,8
3896,7
3897,7
3898,9
3899,9
3900,7
3901,8
3902,7
3903,8
3904,8
3905,8
3906,8
3907,7
3908,7
3909,8
3910,8
3911,8
3912,9
3913,8
3914,8
3915,8
3916,8
3917,7
3918,9
3919,7
3920,8
3921,8
3922,8
3923,8
3924,7
3925,8
3926,7
3927,8
3928,8
3929,9
3930,8
3931,7
3932,8
3933,8
3934,7
3935,9
3936,8
3937,8
3938,8
3939,8
3940,8
3941,8
3942,8
3943,7
3944,8
3945,8
3946,8
3947,8
3948,8
3949,9
3950,8
3951,7
3952,8
3953,8
3954,8
3955,8
3956,7
3957,9
3958,9
3959,7
3960,7
3961,8
3962,8
3963,8
3964,8
3965,9
3966,8
3967,8
3968,7
3969,9
3970,9
3971,8
3972,8
3973,7
3974,8
3975,8
3976,8
3977,8
3978,7
3979,8
3980,8
3981,8
3982,7
3983,9
3984,7
3985,7
3986,8
3987,8
3988,7
3989,7
3990,9
3991,8
3992,7
3993,6
3994,8
3995,8
3996,7
3997,8
3998,6
3999,7
